n,Static Array,Dynamic Array,Singly Linked List,Doubly Linked List
1000,0.0007596015930175781,0.0005650520324707031,0.006165504455566406,0.00756525993347168
10000,0.029744386672973633,0.0816347599029541,0.48667192459106445,0.510613203048706
15000,0.14496588706970215,0.3069746494293213,0.9730479717254639,0.9623620510101318
20000,0.32903552055358887,0.670832633972168,1.7073118686676025,1.7510919570922852
25000,0.6946213245391846,5.023968696594238,2.6105966567993164,2.468623638153076
30000,3.1511282920837402,7.6146485805511475,3.2742369174957275,3.5251216888427734
