n,Static Array,Dynamic Array,Singly Linked List,Doubly Linked List
1000,0.0006241798400878906,0.0008285045623779297,0.00010848045349121094,0.00010824203491210938
10000,0.03008437156677246,0.09299969673156738,0.0006840229034423828,0.0005238056182861328
15000,0.1676163673400879,0.3001880645751953,0.0007052421569824219,0.0006959438323974609
20000,0.38089513778686523,1.2923898696899414,0.0009267330169677734,0.0010938644409179688
25000,0.6631968021392822,4.850185394287109,0.0012593269348144531,0.0016603469848632812
30000,3.990607261657715,8.095768928527832,0.001603841781616211,0.0014927387237548828
