n,Static Array,Dynamic Array,Singly Linked List,Doubly Linked List
1000,0.0005412101745605469,0.0010218620300292969,0.00095367431640625,0.0011856555938720703
10000,0.023279905319213867,0.08295512199401855,0.05574512481689453,0.05790257453918457
15000,0.12303853034973145,0.43674421310424805,0.12405800819396973,0.11898374557495117
20000,0.31124210357666016,1.0221893787384033,0.20129728317260742,0.20111370086669922
25000,0.6720309257507324,2.0781102180480957,0.3172025680541992,0.34125471115112305
30000,1.1990833282470703,3.901479721069336,0.5413696765899658,0.48783040046691895
