n,Static Array,Dynamic Array,Singly Linked List,Doubly Linked List
1000,0.00018548965454101562,5.7220458984375e-05,5.507469177246094e-05,5.245208740234375e-05
10000,0.0013148784637451172,0.0005128383636474609,0.0005972385406494141,0.0005974769592285156
15000,0.0021209716796875,0.0007719993591308594,0.0007455348968505859,0.0007622241973876953
20000,0.002716064453125,0.0010762214660644531,0.0009963512420654297,0.0010313987731933594
25000,0.0033888816833496094,0.001397848129272461,0.0013973712921142578,0.0012450218200683594
30000,0.0041179656982421875,0.0020837783813476562,0.0016484260559082031,0.0016095638275146484
