n,Static Array,Dynamic Array,Singly Linked List,Doubly Linked List
1000,0.0003287792205810547,0.00016808509826660156,0.00011920928955078125,0.0001163482666015625
10000,0.0020322799682617188,0.0006687641143798828,0.0006699562072753906,0.0005595684051513672
15000,0.0024635791778564453,0.0009083747863769531,0.0008234977722167969,0.00084686279296875
20000,0.00380706787109375,0.001331329345703125,0.0014200210571289062,0.0013570785522460938
25000,0.004473447799682617,0.0012655258178710938,0.0018379688262939453,0.00135040283203125
30000,0.006022214889526367,0.0015130043029785156,0.0016477108001708984,0.0017268657684326172
