n,Static Array,Dynamic Array,Singly Linked List,Doubly Linked List
1000,6.365776062011719e-05,5.125999450683594e-05,8.153915405273438e-05,6.341934204101562e-05
10000,0.000759124755859375,0.00047469139099121094,0.0014336109161376953,0.0013308525085449219
15000,0.0010044574737548828,0.0007126331329345703,0.002926349639892578,0.003255605697631836
20000,0.001382589340209961,0.0009338855743408203,0.0055501461029052734,0.005263328552246094
25000,0.0016529560089111328,0.0011687278747558594,0.008642196655273438,0.008348941802978516
30000,0.0019659996032714844,0.001413583755493164,0.014803171157836914,0.016205310821533203
