n,Static Array,Dynamic Array,Singly Linked List,Doubly Linked List
1000,0.000301361083984375,0.0007691383361816406,9.274482727050781e-05,6.103515625e-05
10000,0.02285933494567871,0.06656885147094727,0.0005831718444824219,0.0005688667297363281
15000,0.12911748886108398,0.34933996200561523,0.0010499954223632812,0.0009851455688476562
20000,0.288543701171875,0.9122519493103027,0.0010433197021484375,0.001264333724975586
25000,0.6406714916229248,2.160094738006592,0.0017113685607910156,0.0015430450439453125
30000,1.1503477096557617,3.7054522037506104,0.0018968582153320312,0.0016934871673583984
