n,Static Array,Dynamic Array,Singly Linked List,Doubly Linked List
1000,0.0004611015319824219,0.00075531005859375,0.004929304122924805,0.005433559417724609
10000,0.02900075912475586,0.07787418365478516,0.4933438301086426,0.4933137893676758
15000,0.19332122802734375,0.303863525390625,0.9762773513793945,1.0460293292999268
20000,0.3540797233581543,0.689328670501709,1.5919554233551025,1.5973520278930664
25000,0.667121410369873,3.9906015396118164,2.3582749366760254,2.362544536590576
30000,3.0723700523376465,7.018681049346924,3.2588613033294678,3.2292096614837646
